{
  "A1-A3": 266.5452844736842,
  "C3": 26.03543383157895,
  "C4": 3.14624724213,
  "D": -86.12664505263159,
  "Total": 209.60032049476155
}