{
  "A1-A3": 229.19130263157885,
  "C3": 115.32370028210525,
  "C4": 4.02705,
  "D": -118.52474913684209,
  "Total": 230.01730377684197
}