{
  "A1-A3": 866.519891228071,
  "C3": 4188.42954385965,
  "C4": 75.44062604035001,
  "D": -2627.04198254386,
  "Total": 2503.3480785842116
}