{
  "A1-A3": 283.4643600000004,
  "C3": 1505.968,
  "C4": 37.01169408239001,
  "D": -819.7419610000001,
  "Total": 1006.7020930823904
}